<?xml version="1.0" encoding="UTF-8"?>
<beans xmlns="http://www.springframework.org/schema/beans"
	xmlns:xsi="http://www.w3.org/2001/XMLSchema-instance"
	xmlns:aop="http://www.springframework.org/schema/aop"
	xmlns:context="http://www.springframework.org/schema/context"
	xmlns:jpa="http://www.springframework.org/schema/data/jpa"
	xmlns:tx="http://www.springframework.org/schema/tx"
	xsi:schemaLocation="http://www.springframework.org/schema/beans http://www.springframework.org/schema/beans/spring-beans.xsd
		http://www.springframework.org/schema/context http://www.springframework.org/schema/context/spring-context-4.3.xsd
		http://www.springframework.org/schema/aop http://www.springframework.org/schema/aop/spring-aop-4.3.xsd
		http://www.springframework.org/schema/data/jpa http://www.springframework.org/schema/data/jpa/spring-jpa-1.8.xsd
		http://www.springframework.org/schema/tx http://www.springframework.org/schema/tx/spring-tx-4.3.xsd">


<context:component-scan
		base-package="com.cg.schedule"></context:component-scan>

	<tx:annotation-driven transaction-manager="transactionManager" />

	<jpa:repositories base-package="com.cg.schedule.dao"	
		entity-manager-factory-ref="entityManagerFactory"></jpa:repositories>

	<!-- mysql connectivity for database'spring' -->
	<bean id="dataSource" 
				class="org.springframework.jdbc.datasource.DriverManagerDataSource">
		<property name="driverClassName" value="com.mysql.jdbc.Driver"/>
		<property name="url" value="jdbc:mysql://localhost:3306/spring"/>
		<property name="username" value="root"/>
		<property name="password" value="corp123"/>
	</bean>


	<bean id="jpaVendorAdapter"
		class="org.springframework.orm.jpa.vendor.HibernateJpaVendorAdapter"></bean>
	<bean id="jpaDialect"
		class="org.springframework.orm.jpa.vendor.HibernateJpaDialect"></bean>
	<bean id="entityManagerFactory"
		class="org.springframework.orm.jpa.LocalContainerEntityManagerFactoryBean">
		<property name="dataSource" ref="dataSource"></property>
		<property name="jpaVendorAdapter" ref="jpaVendorAdapter"></property>
		<property name="jpaDialect" ref="jpaDialect"></property>
		<property name="packagesToScan"
			value="com.cg.schedule.beans" />
		<property name="jpaProperties">
			<props>
				<prop key="hibernate.hbm2ddl.auto">select</prop>
				<prop key="hibernate.show_sql">true</prop>			

			</props>
		</property>
	</bean>

	<bean id="transactionManager"
		class="org.springframework.orm.jpa.JpaTransactionManager">
		<property name="entityManagerFactory"
			ref="entityManagerFactory"></property>
		<property name="dataSource" ref="dataSource"></property>
		<property name="jpaDialect" ref="jpaDialect"></property>
	</bean>
</beans>
